row_id,record,record_key,record_date,record_count
1,ndxe202303.html,ndxe202303,03/2023,80
2,ndxe202302.html,ndxe202302,02/2023,358
3,ndxe202301.html,ndxe202301,01/2023,299
4,ndxe202212.html,ndxe202212,12/2022,291
5,ndxe202211.html,ndxe202211,11/2022,358
6,ndxe202210.html,ndxe202210,10/2022,501
7,ndxe202209.html,ndxe202209,09/2022,544
8,ndxe202208.html,ndxe202208,08/2022,528
9,ndxe202207.html,ndxe202207,07/2022,507
10,ndxe202206.html,ndxe202206,06/2022,445
11,ndxe202205.html,ndxe202205,05/2022,454
12,ndxe202204.html,ndxe202204,04/2022,325
13,ndxe202203.html,ndxe202203,03/2022,333
14,ndxe202202.html,ndxe202202,02/2022,325
15,ndxe202201.html,ndxe202201,01/2022,353
16,ndxe202112.html,ndxe202112,12/2021,379
17,ndxe202111.html,ndxe202111,11/2021,297
18,ndxe202110.html,ndxe202110,10/2021,297
19,ndxe202109.html,ndxe202109,09/2021,277
20,ndxe202108.html,ndxe202108,08/2021,276
21,ndxe202107.html,ndxe202107,07/2021,229
22,ndxe202106.html,ndxe202106,06/2021,234
23,ndxe202105.html,ndxe202105,05/2021,493
24,ndxe202104.html,ndxe202104,04/2021,291
25,ndxe202103.html,ndxe202103,03/2021,264
26,ndxe202102.html,ndxe202102,02/2021,259
27,ndxe202101.html,ndxe202101,01/2021,304
28,ndxe202012.html,ndxe202012,12/2020,392
29,ndxe202011.html,ndxe202011,11/2020,464
30,ndxe202010.html,ndxe202010,10/2020,547
31,ndxe202009.html,ndxe202009,09/2020,464
32,ndxe202008.html,ndxe202008,08/2020,735
33,ndxe202007.html,ndxe202007,07/2020,674
34,ndxe202006.html,ndxe202006,06/2020,394
35,ndxe202005.html,ndxe202005,05/2020,582
36,ndxe202004.html,ndxe202004,04/2020,1055
37,ndxe202003.html,ndxe202003,03/2020,836
38,ndxe202002.html,ndxe202002,02/2020,620
39,ndxe202001.html,ndxe202001,01/2020,634
40,ndxe201912.html,ndxe201912,12/2019,767
41,ndxe201911.html,ndxe201911,11/2019,710
42,ndxe201910.html,ndxe201910,10/2019,759
43,ndxe201909.html,ndxe201909,09/2019,678
44,ndxe201908.html,ndxe201908,08/2019,496
45,ndxe201907.html,ndxe201907,07/2019,617
46,ndxe201906.html,ndxe201906,06/2019,492
47,ndxe201905.html,ndxe201905,05/2019,554
48,ndxe201904.html,ndxe201904,04/2019,407
49,ndxe201903.html,ndxe201903,03/2019,335
50,ndxe201902.html,ndxe201902,02/2019,223
51,ndxe201901.html,ndxe201901,01/2019,363
52,ndxe201812.html,ndxe201812,12/2018,251
53,ndxe201811.html,ndxe201811,11/2018,261
54,ndxe201810.html,ndxe201810,10/2018,298
55,ndxe201809.html,ndxe201809,09/2018,320
56,ndxe201808.html,ndxe201808,08/2018,386
57,ndxe201807.html,ndxe201807,07/2018,452
58,ndxe201806.html,ndxe201806,06/2018,253
59,ndxe201805.html,ndxe201805,05/2018,258
60,ndxe201804.html,ndxe201804,04/2018,244
61,ndxe201803.html,ndxe201803,03/2018,243
62,ndxe201802.html,ndxe201802,02/2018,249
63,ndxe201801.html,ndxe201801,01/2018,322
64,ndxe201712.html,ndxe201712,12/2017,517
65,ndxe201711.html,ndxe201711,11/2017,369
66,ndxe201710.html,ndxe201710,10/2017,500
67,ndxe201709.html,ndxe201709,09/2017,462
68,ndxe201708.html,ndxe201708,08/2017,422
69,ndxe201707.html,ndxe201707,07/2017,531
70,ndxe201706.html,ndxe201706,06/2017,432
71,ndxe201705.html,ndxe201705,05/2017,369
72,ndxe201704.html,ndxe201704,04/2017,424
73,ndxe201703.html,ndxe201703,03/2017,352
74,ndxe201702.html,ndxe201702,02/2017,432
75,ndxe201701.html,ndxe201701,01/2017,342
76,ndxe201612.html,ndxe201612,12/2016,364
77,ndxe201611.html,ndxe201611,11/2016,506
78,ndxe201610.html,ndxe201610,10/2016,499
79,ndxe201609.html,ndxe201609,09/2016,603
80,ndxe201608.html,ndxe201608,08/2016,570
81,ndxe201607.html,ndxe201607,07/2016,710
82,ndxe201606.html,ndxe201606,06/2016,447
83,ndxe201605.html,ndxe201605,05/2016,391
84,ndxe201604.html,ndxe201604,04/2016,394
85,ndxe201603.html,ndxe201603,03/2016,419
86,ndxe201602.html,ndxe201602,02/2016,440
87,ndxe201601.html,ndxe201601,01/2016,427
88,ndxe201512.html,ndxe201512,12/2015,445
89,ndxe201511.html,ndxe201511,11/2015,919
90,ndxe201510.html,ndxe201510,10/2015,673
91,ndxe201509.html,ndxe201509,09/2015,750
92,ndxe201508.html,ndxe201508,08/2015,635
93,ndxe201507.html,ndxe201507,07/2015,751
94,ndxe201506.html,ndxe201506,06/2015,506
95,ndxe201505.html,ndxe201505,05/2015,477
96,ndxe201504.html,ndxe201504,04/2015,468
97,ndxe201503.html,ndxe201503,03/2015,486
98,ndxe201502.html,ndxe201502,02/2015,350
99,ndxe201501.html,ndxe201501,01/2015,549
100,ndxe201412.html,ndxe201412,12/2014,533
101,ndxe201411.html,ndxe201411,11/2014,553
102,ndxe201410.html,ndxe201410,10/2014,810
103,ndxe201409.html,ndxe201409,09/2014,851
104,ndxe201408.html,ndxe201408,08/2014,944
105,ndxe201407.html,ndxe201407,07/2014,1129
106,ndxe201406.html,ndxe201406,06/2014,802
107,ndxe201405.html,ndxe201405,05/2014,665
108,ndxe201404.html,ndxe201404,04/2014,675
109,ndxe201403.html,ndxe201403,03/2014,532
110,ndxe201402.html,ndxe201402,02/2014,561
111,ndxe201401.html,ndxe201401,01/2014,722
112,ndxe201312.html,ndxe201312,12/2013,779
113,ndxe201311.html,ndxe201311,11/2013,817
114,ndxe201310.html,ndxe201310,10/2013,806
115,ndxe201309.html,ndxe201309,09/2013,805
116,ndxe201308.html,ndxe201308,08/2013,932
117,ndxe201307.html,ndxe201307,07/2013,996
118,ndxe201306.html,ndxe201306,06/2013,666
119,ndxe201305.html,ndxe201305,05/2013,549
120,ndxe201304.html,ndxe201304,04/2013,430
121,ndxe201303.html,ndxe201303,03/2013,401
122,ndxe201302.html,ndxe201302,02/2013,287
123,ndxe201301.html,ndxe201301,01/2013,401
124,ndxe201212.html,ndxe201212,12/2012,683
125,ndxe201211.html,ndxe201211,11/2012,790
126,ndxe201210.html,ndxe201210,10/2012,688
127,ndxe201209.html,ndxe201209,09/2012,789
128,ndxe201208.html,ndxe201208,08/2012,917
129,ndxe201207.html,ndxe201207,07/2012,964
130,ndxe201206.html,ndxe201206,06/2012,783
131,ndxe201205.html,ndxe201205,05/2012,535
132,ndxe201204.html,ndxe201204,04/2012,513
133,ndxe201203.html,ndxe201203,03/2012,543
134,ndxe201202.html,ndxe201202,02/2012,401
135,ndxe201201.html,ndxe201201,01/2012,592
136,ndxe201112.html,ndxe201112,12/2011,545
137,ndxe201111.html,ndxe201111,11/2011,452
138,ndxe201110.html,ndxe201110,10/2011,652
139,ndxe201109.html,ndxe201109,09/2011,567
140,ndxe201108.html,ndxe201108,08/2011,649
141,ndxe201107.html,ndxe201107,07/2011,788
142,ndxe201106.html,ndxe201106,06/2011,429
143,ndxe201105.html,ndxe201105,05/2011,326
144,ndxe201104.html,ndxe201104,04/2011,319
145,ndxe201103.html,ndxe201103,03/2011,340
146,ndxe201102.html,ndxe201102,02/2011,278
147,ndxe201101.html,ndxe201101,01/2011,333
148,ndxe201012.html,ndxe201012,12/2010,315
149,ndxe201011.html,ndxe201011,11/2010,374
150,ndxe201010.html,ndxe201010,10/2010,482
151,ndxe201009.html,ndxe201009,09/2010,459
152,ndxe201008.html,ndxe201008,08/2010,548
153,ndxe201007.html,ndxe201007,07/2010,863
154,ndxe201006.html,ndxe201006,06/2010,399
155,ndxe201005.html,ndxe201005,05/2010,339
156,ndxe201004.html,ndxe201004,04/2010,298
157,ndxe201003.html,ndxe201003,03/2010,269
158,ndxe201002.html,ndxe201002,02/2010,198
159,ndxe201001.html,ndxe201001,01/2010,296
160,ndxe200912.html,ndxe200912,12/2009,297
161,ndxe200911.html,ndxe200911,11/2009,328
162,ndxe200910.html,ndxe200910,10/2009,330
163,ndxe200909.html,ndxe200909,09/2009,605
164,ndxe200908.html,ndxe200908,08/2009,510
165,ndxe200907.html,ndxe200907,07/2009,621
166,ndxe200906.html,ndxe200906,06/2009,402
167,ndxe200905.html,ndxe200905,05/2009,365
168,ndxe200904.html,ndxe200904,04/2009,322
169,ndxe200903.html,ndxe200903,03/2009,344
170,ndxe200902.html,ndxe200902,02/2009,399
171,ndxe200901.html,ndxe200901,01/2009,502
172,ndxe200812.html,ndxe200812,12/2008,354
173,ndxe200811.html,ndxe200811,11/2008,463
174,ndxe200810.html,ndxe200810,10/2008,540
175,ndxe200809.html,ndxe200809,09/2008,394
176,ndxe200808.html,ndxe200808,08/2008,518
177,ndxe200807.html,ndxe200807,07/2008,585
178,ndxe200806.html,ndxe200806,06/2008,497
179,ndxe200805.html,ndxe200805,05/2008,350
180,ndxe200804.html,ndxe200804,04/2008,446
181,ndxe200803.html,ndxe200803,03/2008,343
182,ndxe200802.html,ndxe200802,02/2008,373
183,ndxe200801.html,ndxe200801,01/2008,480
184,ndxe200712.html,ndxe200712,12/2007,362
185,ndxe200711.html,ndxe200711,11/2007,377
186,ndxe200710.html,ndxe200710,10/2007,451
187,ndxe200709.html,ndxe200709,09/2007,456
188,ndxe200708.html,ndxe200708,08/2007,479
189,ndxe200707.html,ndxe200707,07/2007,473
190,ndxe200706.html,ndxe200706,06/2007,439
191,ndxe200705.html,ndxe200705,05/2007,324
192,ndxe200704.html,ndxe200704,04/2007,326
193,ndxe200703.html,ndxe200703,03/2007,365
194,ndxe200702.html,ndxe200702,02/2007,269
195,ndxe200701.html,ndxe200701,01/2007,443
196,ndxe200612.html,ndxe200612,12/2006,389
197,ndxe200611.html,ndxe200611,11/2006,415
198,ndxe200610.html,ndxe200610,10/2006,404
199,ndxe200609.html,ndxe200609,09/2006,332
200,ndxe200608.html,ndxe200608,08/2006,432
201,ndxe200607.html,ndxe200607,07/2006,437
202,ndxe200606.html,ndxe200606,06/2006,351
203,ndxe200605.html,ndxe200605,05/2006,303
204,ndxe200604.html,ndxe200604,04/2006,325
205,ndxe200603.html,ndxe200603,03/2006,310
206,ndxe200602.html,ndxe200602,02/2006,236
207,ndxe200601.html,ndxe200601,01/2006,257
208,ndxe200512.html,ndxe200512,12/2005,280
209,ndxe200511.html,ndxe200511,11/2005,468
210,ndxe200510.html,ndxe200510,10/2005,492
211,ndxe200509.html,ndxe200509,09/2005,533
212,ndxe200508.html,ndxe200508,08/2005,356
213,ndxe200507.html,ndxe200507,07/2005,466
214,ndxe200506.html,ndxe200506,06/2005,417
215,ndxe200505.html,ndxe200505,05/2005,304
216,ndxe200504.html,ndxe200504,04/2005,321
217,ndxe200503.html,ndxe200503,03/2005,362
218,ndxe200502.html,ndxe200502,02/2005,280
219,ndxe200501.html,ndxe200501,01/2005,264
220,ndxe200412.html,ndxe200412,12/2004,309
221,ndxe200411.html,ndxe200411,11/2004,334
222,ndxe200410.html,ndxe200410,10/2004,457
223,ndxe200409.html,ndxe200409,09/2004,417
224,ndxe200408.html,ndxe200408,08/2004,556
225,ndxe200407.html,ndxe200407,07/2004,442
226,ndxe200406.html,ndxe200406,06/2004,438
227,ndxe200405.html,ndxe200405,05/2004,395
228,ndxe200404.html,ndxe200404,04/2004,398
229,ndxe200403.html,ndxe200403,03/2004,418
230,ndxe200402.html,ndxe200402,02/2004,302
231,ndxe200401.html,ndxe200401,01/2004,305
232,ndxe200312.html,ndxe200312,12/2003,386
233,ndxe200311.html,ndxe200311,11/2003,471
234,ndxe200310.html,ndxe200310,10/2003,477
235,ndxe200309.html,ndxe200309,09/2003,513
236,ndxe200308.html,ndxe200308,08/2003,548
237,ndxe200307.html,ndxe200307,07/2003,456
238,ndxe200306.html,ndxe200306,06/2003,317
239,ndxe200305.html,ndxe200305,05/2003,255
240,ndxe200304.html,ndxe200304,04/2003,226
241,ndxe200303.html,ndxe200303,03/2003,194
242,ndxe200302.html,ndxe200302,02/2003,270
243,ndxe200301.html,ndxe200301,01/2003,329
244,ndxe200212.html,ndxe200212,12/2002,255
245,ndxe200211.html,ndxe200211,11/2002,295
246,ndxe200210.html,ndxe200210,10/2002,342
247,ndxe200209.html,ndxe200209,09/2002,384
248,ndxe200208.html,ndxe200208,08/2002,493
249,ndxe200207.html,ndxe200207,07/2002,443
250,ndxe200206.html,ndxe200206,06/2002,362
251,ndxe200205.html,ndxe200205,05/2002,256
252,ndxe200204.html,ndxe200204,04/2002,194
253,ndxe200203.html,ndxe200203,03/2002,199
254,ndxe200202.html,ndxe200202,02/2002,262
255,ndxe200201.html,ndxe200201,01/2002,242
256,ndxe200112.html,ndxe200112,12/2001,217
257,ndxe200111.html,ndxe200111,11/2001,282
258,ndxe200110.html,ndxe200110,10/2001,262
259,ndxe200109.html,ndxe200109,09/2001,357
260,ndxe200108.html,ndxe200108,08/2001,401
261,ndxe200107.html,ndxe200107,07/2001,417
262,ndxe200106.html,ndxe200106,06/2001,322
263,ndxe200105.html,ndxe200105,05/2001,263
264,ndxe200104.html,ndxe200104,04/2001,242
265,ndxe200103.html,ndxe200103,03/2001,292
266,ndxe200102.html,ndxe200102,02/2001,237
267,ndxe200101.html,ndxe200101,01/2001,285
268,ndxe200012.html,ndxe200012,12/2000,238
269,ndxe200011.html,ndxe200011,11/2000,238
270,ndxe200010.html,ndxe200010,10/2000,333
271,ndxe200009.html,ndxe200009,09/2000,301
272,ndxe200008.html,ndxe200008,08/2000,302
273,ndxe200007.html,ndxe200007,07/2000,377
274,ndxe200006.html,ndxe200006,06/2000,286
275,ndxe200005.html,ndxe200005,05/2000,192
276,ndxe200004.html,ndxe200004,04/2000,202
277,ndxe200003.html,ndxe200003,03/2000,227
278,ndxe200002.html,ndxe200002,02/2000,207
279,ndxe200001.html,ndxe200001,01/2000,237
280,ndxe199912.html,ndxe199912,12/1999,229
281,ndxe199911.html,ndxe199911,11/1999,455
282,ndxe199910.html,ndxe199910,10/1999,315
283,ndxe199909.html,ndxe199909,09/1999,407
284,ndxe199908.html,ndxe199908,08/1999,325
285,ndxe199907.html,ndxe199907,07/1999,309
286,ndxe199906.html,ndxe199906,06/1999,297
287,ndxe199905.html,ndxe199905,05/1999,194
288,ndxe199904.html,ndxe199904,04/1999,167
289,ndxe199903.html,ndxe199903,03/1999,164
290,ndxe199902.html,ndxe199902,02/1999,176
291,ndxe199901.html,ndxe199901,01/1999,146
292,ndxe199812.html,ndxe199812,12/1998,196
293,ndxe199811.html,ndxe199811,11/1998,218
294,ndxe199810.html,ndxe199810,10/1998,232
295,ndxe199809.html,ndxe199809,09/1998,252
296,ndxe199808.html,ndxe199808,08/1998,180
297,ndxe199807.html,ndxe199807,07/1998,193
298,ndxe199806.html,ndxe199806,06/1998,221
299,ndxe199805.html,ndxe199805,05/1998,111
300,ndxe199804.html,ndxe199804,04/1998,131
301,ndxe199803.html,ndxe199803,03/1998,149
302,ndxe199802.html,ndxe199802,02/1998,88
303,ndxe199801.html,ndxe199801,01/1998,85
304,ndxe199712.html,ndxe199712,12/1997,76
305,ndxe199711.html,ndxe199711,11/1997,132
306,ndxe199710.html,ndxe199710,10/1997,117
307,ndxe199709.html,ndxe199709,09/1997,63
308,ndxe199708.html,ndxe199708,08/1997,138
309,ndxe199707.html,ndxe199707,07/1997,236
310,ndxe199706.html,ndxe199706,06/1997,217
311,ndxe199705.html,ndxe199705,05/1997,111
312,ndxe199704.html,ndxe199704,04/1997,98
313,ndxe199703.html,ndxe199703,03/1997,211
314,ndxe199702.html,ndxe199702,02/1997,50
315,ndxe199701.html,ndxe199701,01/1997,61
316,ndxe199612.html,ndxe199612,12/1996,86
317,ndxe199611.html,ndxe199611,11/1996,89
318,ndxe199610.html,ndxe199610,10/1996,59
319,ndxe199609.html,ndxe199609,09/1996,77
320,ndxe199608.html,ndxe199608,08/1996,92
321,ndxe199607.html,ndxe199607,07/1996,87
322,ndxe199606.html,ndxe199606,06/1996,165
323,ndxe199605.html,ndxe199605,05/1996,83
324,ndxe199604.html,ndxe199604,04/1996,106
325,ndxe199603.html,ndxe199603,03/1996,68
326,ndxe199602.html,ndxe199602,02/1996,76
327,ndxe199601.html,ndxe199601,01/1996,60
328,ndxe199512.html,ndxe199512,12/1995,61
329,ndxe199511.html,ndxe199511,11/1995,121
330,ndxe199510.html,ndxe199510,10/1995,113
331,ndxe199509.html,ndxe199509,09/1995,136
332,ndxe199508.html,ndxe199508,08/1995,202
333,ndxe199507.html,ndxe199507,07/1995,142
334,ndxe199506.html,ndxe199506,06/1995,196
335,ndxe199505.html,ndxe199505,05/1995,106
336,ndxe199504.html,ndxe199504,04/1995,96
337,ndxe199503.html,ndxe199503,03/1995,126
338,ndxe199502.html,ndxe199502,02/1995,116
339,ndxe199501.html,ndxe199501,01/1995,100
340,ndxe199412.html,ndxe199412,12/1994,42
341,ndxe199411.html,ndxe199411,11/1994,28
342,ndxe199410.html,ndxe199410,10/1994,71
343,ndxe199409.html,ndxe199409,09/1994,42
344,ndxe199408.html,ndxe199408,08/1994,69
345,ndxe199407.html,ndxe199407,07/1994,64
346,ndxe199406.html,ndxe199406,06/1994,101
347,ndxe199405.html,ndxe199405,05/1994,38
348,ndxe199404.html,ndxe199404,04/1994,32
349,ndxe199403.html,ndxe199403,03/1994,25
350,ndxe199402.html,ndxe199402,02/1994,11
351,ndxe199401.html,ndxe199401,01/1994,20
352,ndxe199312.html,ndxe199312,12/1993,18
353,ndxe199311.html,ndxe199311,11/1993,20
354,ndxe199310.html,ndxe199310,10/1993,27
355,ndxe199309.html,ndxe199309,09/1993,32
356,ndxe199308.html,ndxe199308,08/1993,45
357,ndxe199307.html,ndxe199307,07/1993,51
358,ndxe199306.html,ndxe199306,06/1993,109
359,ndxe199305.html,ndxe199305,05/1993,32
360,ndxe199304.html,ndxe199304,04/1993,17
361,ndxe199303.html,ndxe199303,03/1993,20
362,ndxe199302.html,ndxe199302,02/1993,18
363,ndxe199301.html,ndxe199301,01/1993,20
364,ndxe199212.html,ndxe199212,12/1992,15
365,ndxe199211.html,ndxe199211,11/1992,19
366,ndxe199210.html,ndxe199210,10/1992,42
367,ndxe199209.html,ndxe199209,09/1992,31
368,ndxe199208.html,ndxe199208,08/1992,35
369,ndxe199207.html,ndxe199207,07/1992,47
370,ndxe199206.html,ndxe199206,06/1992,76
371,ndxe199205.html,ndxe199205,05/1992,24
372,ndxe199204.html,ndxe199204,04/1992,25
373,ndxe199203.html,ndxe199203,03/1992,13
374,ndxe199202.html,ndxe199202,02/1992,16
375,ndxe199201.html,ndxe199201,01/1992,6
376,ndxe199112.html,ndxe199112,12/1991,12
377,ndxe199111.html,ndxe199111,11/1991,20
378,ndxe199110.html,ndxe199110,10/1991,22
379,ndxe199109.html,ndxe199109,09/1991,34
380,ndxe199108.html,ndxe199108,08/1991,35
381,ndxe199107.html,ndxe199107,07/1991,45
382,ndxe199106.html,ndxe199106,06/1991,60
383,ndxe199105.html,ndxe199105,05/1991,29
384,ndxe199104.html,ndxe199104,04/1991,16
385,ndxe199103.html,ndxe199103,03/1991,15
386,ndxe199102.html,ndxe199102,02/1991,9
387,ndxe199101.html,ndxe199101,01/1991,14
388,ndxe199012.html,ndxe199012,12/1990,18
389,ndxe199011.html,ndxe199011,11/1990,23
390,ndxe199010.html,ndxe199010,10/1990,29
391,ndxe199009.html,ndxe199009,09/1990,26
392,ndxe199008.html,ndxe199008,08/1990,42
393,ndxe199007.html,ndxe199007,07/1990,54
394,ndxe199006.html,ndxe199006,06/1990,69
395,ndxe199005.html,ndxe199005,05/1990,21
396,ndxe199004.html,ndxe199004,04/1990,10
397,ndxe199003.html,ndxe199003,03/1990,10
398,ndxe199002.html,ndxe199002,02/1990,23
399,ndxe199001.html,ndxe199001,01/1990,19
400,ndxe198912.html,ndxe198912,12/1989,21
401,ndxe198911.html,ndxe198911,11/1989,28
402,ndxe198910.html,ndxe198910,10/1989,41
403,ndxe198909.html,ndxe198909,09/1989,27
404,ndxe198908.html,ndxe198908,08/1989,26
405,ndxe198907.html,ndxe198907,07/1989,44
406,ndxe198906.html,ndxe198906,06/1989,69
407,ndxe198905.html,ndxe198905,05/1989,25
408,ndxe198904.html,ndxe198904,04/1989,15
409,ndxe198903.html,ndxe198903,03/1989,13
410,ndxe198902.html,ndxe198902,02/1989,10
411,ndxe198901.html,ndxe198901,01/1989,16
412,ndxe198812.html,ndxe198812,12/1988,8
413,ndxe198811.html,ndxe198811,11/1988,19
414,ndxe198810.html,ndxe198810,10/1988,41
415,ndxe198809.html,ndxe198809,09/1988,22
416,ndxe198808.html,ndxe198808,08/1988,57
417,ndxe198807.html,ndxe198807,07/1988,38
418,ndxe198806.html,ndxe198806,06/1988,66
419,ndxe198805.html,ndxe198805,05/1988,14
420,ndxe198804.html,ndxe198804,04/1988,11
421,ndxe198803.html,ndxe198803,03/1988,16
422,ndxe198802.html,ndxe198802,02/1988,6
423,ndxe198801.html,ndxe198801,01/1988,14
424,ndxe198712.html,ndxe198712,12/1987,17
425,ndxe198711.html,ndxe198711,11/1987,20
426,ndxe198710.html,ndxe198710,10/1987,30
427,ndxe198709.html,ndxe198709,09/1987,15
428,ndxe198708.html,ndxe198708,08/1987,36
429,ndxe198707.html,ndxe198707,07/1987,51
430,ndxe198706.html,ndxe198706,06/1987,58
431,ndxe198705.html,ndxe198705,05/1987,23
432,ndxe198704.html,ndxe198704,04/1987,19
433,ndxe198703.html,ndxe198703,03/1987,12
434,ndxe198702.html,ndxe198702,02/1987,7
435,ndxe198701.html,ndxe198701,01/1987,13
436,ndxe198612.html,ndxe198612,12/1986,9
437,ndxe198611.html,ndxe198611,11/1986,12
438,ndxe198610.html,ndxe198610,10/1986,30
439,ndxe198609.html,ndxe198609,09/1986,19
440,ndxe198608.html,ndxe198608,08/1986,33
441,ndxe198607.html,ndxe198607,07/1986,30
442,ndxe198606.html,ndxe198606,06/1986,60
443,ndxe198605.html,ndxe198605,05/1986,14
444,ndxe198604.html,ndxe198604,04/1986,18
445,ndxe198603.html,ndxe198603,03/1986,10
446,ndxe198602.html,ndxe198602,02/1986,10
447,ndxe198601.html,ndxe198601,01/1986,8
448,ndxe198512.html,ndxe198512,12/1985,11
449,ndxe198511.html,ndxe198511,11/1985,12
450,ndxe198510.html,ndxe198510,10/1985,22
451,ndxe198509.html,ndxe198509,09/1985,24
452,ndxe198508.html,ndxe198508,08/1985,31
453,ndxe198507.html,ndxe198507,07/1985,42
454,ndxe198506.html,ndxe198506,06/1985,87
455,ndxe198505.html,ndxe198505,05/1985,20
456,ndxe198504.html,ndxe198504,04/1985,10
457,ndxe198503.html,ndxe198503,03/1985,8
458,ndxe198502.html,ndxe198502,02/1985,4
459,ndxe198501.html,ndxe198501,01/1985,11
460,ndxe198412.html,ndxe198412,12/1984,9
461,ndxe198411.html,ndxe198411,11/1984,13
462,ndxe198410.html,ndxe198410,10/1984,23
463,ndxe198409.html,ndxe198409,09/1984,19
464,ndxe198408.html,ndxe198408,08/1984,32
465,ndxe198407.html,ndxe198407,07/1984,32
466,ndxe198406.html,ndxe198406,06/1984,58
467,ndxe198405.html,ndxe198405,05/1984,13
468,ndxe198404.html,ndxe198404,04/1984,9
469,ndxe198403.html,ndxe198403,03/1984,11
470,ndxe198402.html,ndxe198402,02/1984,6
471,ndxe198401.html,ndxe198401,01/1984,8
472,ndxe198312.html,ndxe198312,12/1983,9
473,ndxe198311.html,ndxe198311,11/1983,10
474,ndxe198310.html,ndxe198310,10/1983,16
475,ndxe198309.html,ndxe198309,09/1983,20
476,ndxe198308.html,ndxe198308,08/1983,21
477,ndxe198307.html,ndxe198307,07/1983,37
478,ndxe198306.html,ndxe198306,06/1983,63
479,ndxe198305.html,ndxe198305,05/1983,21
480,ndxe198304.html,ndxe198304,04/1983,27
481,ndxe198303.html,ndxe198303,03/1983,8
482,ndxe198302.html,ndxe198302,02/1983,6
483,ndxe198301.html,ndxe198301,01/1983,5
484,ndxe198212.html,ndxe198212,12/1982,10
485,ndxe198211.html,ndxe198211,11/1982,9
486,ndxe198210.html,ndxe198210,10/1982,25
487,ndxe198209.html,ndxe198209,09/1982,21
488,ndxe198208.html,ndxe198208,08/1982,27
489,ndxe198207.html,ndxe198207,07/1982,38
490,ndxe198206.html,ndxe198206,06/1982,73
491,ndxe198205.html,ndxe198205,05/1982,19
492,ndxe198204.html,ndxe198204,04/1982,5
493,ndxe198203.html,ndxe198203,03/1982,3
494,ndxe198202.html,ndxe198202,02/1982,5
495,ndxe198201.html,ndxe198201,01/1982,8
496,ndxe198112.html,ndxe198112,12/1981,7
497,ndxe198111.html,ndxe198111,11/1981,13
498,ndxe198110.html,ndxe198110,10/1981,18
499,ndxe198109.html,ndxe198109,09/1981,23
500,ndxe198108.html,ndxe198108,08/1981,26
501,ndxe198107.html,ndxe198107,07/1981,26
502,ndxe198106.html,ndxe198106,06/1981,57
503,ndxe198105.html,ndxe198105,05/1981,17
504,ndxe198104.html,ndxe198104,04/1981,13
505,ndxe198103.html,ndxe198103,03/1981,6
506,ndxe198102.html,ndxe198102,02/1981,4
507,ndxe198101.html,ndxe198101,01/1981,13
508,ndxe198012.html,ndxe198012,12/1980,20
509,ndxe198011.html,ndxe198011,11/1980,8
510,ndxe198010.html,ndxe198010,10/1980,30
511,ndxe198009.html,ndxe198009,09/1980,27
512,ndxe198008.html,ndxe198008,08/1980,31
513,ndxe198007.html,ndxe198007,07/1980,48
514,ndxe198006.html,ndxe198006,06/1980,90
515,ndxe198005.html,ndxe198005,05/1980,27
516,ndxe198004.html,ndxe198004,04/1980,7
517,ndxe198003.html,ndxe198003,03/1980,16
518,ndxe198002.html,ndxe198002,02/1980,8
519,ndxe198001.html,ndxe198001,01/1980,17
520,ndxe197912.html,ndxe197912,12/1979,10
521,ndxe197911.html,ndxe197911,11/1979,22
522,ndxe197910.html,ndxe197910,10/1979,22
523,ndxe197909.html,ndxe197909,09/1979,31
524,ndxe197908.html,ndxe197908,08/1979,34
525,ndxe197907.html,ndxe197907,07/1979,47
526,ndxe197906.html,ndxe197906,06/1979,86
527,ndxe197905.html,ndxe197905,05/1979,20
528,ndxe197904.html,ndxe197904,04/1979,18
529,ndxe197903.html,ndxe197903,03/1979,16
530,ndxe197902.html,ndxe197902,02/1979,13
531,ndxe197901.html,ndxe197901,01/1979,12
532,ndxe197812.html,ndxe197812,12/1978,17
533,ndxe197811.html,ndxe197811,11/1978,27
534,ndxe197810.html,ndxe197810,10/1978,30
535,ndxe197809.html,ndxe197809,09/1978,25
536,ndxe197808.html,ndxe197808,08/1978,70
537,ndxe197807.html,ndxe197807,07/1978,90
538,ndxe197806.html,ndxe197806,06/1978,94
539,ndxe197805.html,ndxe197805,05/1978,23
540,ndxe197804.html,ndxe197804,04/1978,17
541,ndxe197803.html,ndxe197803,03/1978,17
542,ndxe197802.html,ndxe197802,02/1978,15
543,ndxe197801.html,ndxe197801,01/1978,21
544,ndxe197712.html,ndxe197712,12/1977,14
545,ndxe197711.html,ndxe197711,11/1977,17
546,ndxe197710.html,ndxe197710,10/1977,22
547,ndxe197709.html,ndxe197709,09/1977,25
548,ndxe197708.html,ndxe197708,08/1977,41
549,ndxe197707.html,ndxe197707,07/1977,85
550,ndxe197706.html,ndxe197706,06/1977,83
551,ndxe197705.html,ndxe197705,05/1977,26
552,ndxe197704.html,ndxe197704,04/1977,15
553,ndxe197703.html,ndxe197703,03/1977,20
554,ndxe197702.html,ndxe197702,02/1977,6
555,ndxe197701.html,ndxe197701,01/1977,16
556,ndxe197612.html,ndxe197612,12/1976,16
557,ndxe197611.html,ndxe197611,11/1976,20
558,ndxe197610.html,ndxe197610,10/1976,23
559,ndxe197609.html,ndxe197609,09/1976,34
560,ndxe197608.html,ndxe197608,08/1976,34
561,ndxe197607.html,ndxe197607,07/1976,72
562,ndxe197606.html,ndxe197606,06/1976,117
563,ndxe197605.html,ndxe197605,05/1976,17
564,ndxe197604.html,ndxe197604,04/1976,10
565,ndxe197603.html,ndxe197603,03/1976,5
566,ndxe197602.html,ndxe197602,02/1976,11
567,ndxe197601.html,ndxe197601,01/1976,12
568,ndxe197512.html,ndxe197512,12/1975,16
569,ndxe197511.html,ndxe197511,11/1975,20
570,ndxe197510.html,ndxe197510,10/1975,37
571,ndxe197509.html,ndxe197509,09/1975,28
572,ndxe197508.html,ndxe197508,08/1975,47
573,ndxe197507.html,ndxe197507,07/1975,68
574,ndxe197506.html,ndxe197506,06/1975,128
575,ndxe197505.html,ndxe197505,05/1975,14
576,ndxe197504.html,ndxe197504,04/1975,16
577,ndxe197503.html,ndxe197503,03/1975,14
578,ndxe197502.html,ndxe197502,02/1975,5
579,ndxe197501.html,ndxe197501,01/1975,17
580,ndxe197412.html,ndxe197412,12/1974,8
581,ndxe197411.html,ndxe197411,11/1974,25
582,ndxe197410.html,ndxe197410,10/1974,34
583,ndxe197409.html,ndxe197409,09/1974,33
584,ndxe197408.html,ndxe197408,08/1974,42
585,ndxe197407.html,ndxe197407,07/1974,56
586,ndxe197406.html,ndxe197406,06/1974,89
587,ndxe197405.html,ndxe197405,05/1974,25
588,ndxe197404.html,ndxe197404,04/1974,20
589,ndxe197403.html,ndxe197403,03/1974,7
590,ndxe197402.html,ndxe197402,02/1974,5
591,ndxe197401.html,ndxe197401,01/1974,14
592,ndxe197312.html,ndxe197312,12/1973,5
593,ndxe197311.html,ndxe197311,11/1973,23
594,ndxe197310.html,ndxe197310,10/1973,54
595,ndxe197309.html,ndxe197309,09/1973,27
596,ndxe197308.html,ndxe197308,08/1973,28
597,ndxe197307.html,ndxe197307,07/1973,49
598,ndxe197306.html,ndxe197306,06/1973,68
599,ndxe197305.html,ndxe197305,05/1973,13
600,ndxe197304.html,ndxe197304,04/1973,12
601,ndxe197303.html,ndxe197303,03/1973,12
602,ndxe197302.html,ndxe197302,02/1973,9
603,ndxe197301.html,ndxe197301,01/1973,7
604,ndxe197212.html,ndxe197212,12/1972,7
605,ndxe197211.html,ndxe197211,11/1972,8
606,ndxe197210.html,ndxe197210,10/1972,22
607,ndxe197209.html,ndxe197209,09/1972,20
608,ndxe197208.html,ndxe197208,08/1972,27
609,ndxe197207.html,ndxe197207,07/1972,37
610,ndxe197206.html,ndxe197206,06/1972,80
611,ndxe197205.html,ndxe197205,05/1972,13
612,ndxe197204.html,ndxe197204,04/1972,3
613,ndxe197203.html,ndxe197203,03/1972,10
614,ndxe197202.html,ndxe197202,02/1972,2
615,ndxe197201.html,ndxe197201,01/1972,5
616,ndxe197112.html,ndxe197112,12/1971,2
617,ndxe197111.html,ndxe197111,11/1971,8
618,ndxe197110.html,ndxe197110,10/1971,11
619,ndxe197109.html,ndxe197109,09/1971,17
620,ndxe197108.html,ndxe197108,08/1971,18
621,ndxe197107.html,ndxe197107,07/1971,25
622,ndxe197106.html,ndxe197106,06/1971,42
623,ndxe197105.html,ndxe197105,05/1971,10
624,ndxe197104.html,ndxe197104,04/1971,10
625,ndxe197103.html,ndxe197103,03/1971,3
626,ndxe197102.html,ndxe197102,02/1971,8
627,ndxe197101.html,ndxe197101,01/1971,7
628,ndxe197012.html,ndxe197012,12/1970,9
629,ndxe197011.html,ndxe197011,11/1970,7
630,ndxe197010.html,ndxe197010,10/1970,16
631,ndxe197009.html,ndxe197009,09/1970,15
632,ndxe197008.html,ndxe197008,08/1970,20
633,ndxe197007.html,ndxe197007,07/1970,32
634,ndxe197006.html,ndxe197006,06/1970,65
635,ndxe197005.html,ndxe197005,05/1970,14
636,ndxe197004.html,ndxe197004,04/1970,6
637,ndxe197003.html,ndxe197003,03/1970,7
638,ndxe197002.html,ndxe197002,02/1970,7
639,ndxe197001.html,ndxe197001,01/1970,13
640,ndxe196912.html,ndxe196912,12/1969,8
641,ndxe196911.html,ndxe196911,11/1969,14
642,ndxe196910.html,ndxe196910,10/1969,19
643,ndxe196909.html,ndxe196909,09/1969,7
644,ndxe196908.html,ndxe196908,08/1969,30
645,ndxe196907.html,ndxe196907,07/1969,42
646,ndxe196906.html,ndxe196906,06/1969,55
647,ndxe196905.html,ndxe196905,05/1969,10
648,ndxe196904.html,ndxe196904,04/1969,6
649,ndxe196903.html,ndxe196903,03/1969,6
650,ndxe196902.html,ndxe196902,02/1969,2
651,ndxe196901.html,ndxe196901,01/1969,10
652,ndxe196812.html,ndxe196812,12/1968,10
653,ndxe196811.html,ndxe196811,11/1968,9
654,ndxe196810.html,ndxe196810,10/1968,27
655,ndxe196809.html,ndxe196809,09/1968,16
656,ndxe196808.html,ndxe196808,08/1968,31
657,ndxe196807.html,ndxe196807,07/1968,53
658,ndxe196806.html,ndxe196806,06/1968,90
659,ndxe196805.html,ndxe196805,05/1968,17
660,ndxe196804.html,ndxe196804,04/1968,13
661,ndxe196803.html,ndxe196803,03/1968,2
662,ndxe196802.html,ndxe196802,02/1968,4
663,ndxe196801.html,ndxe196801,01/1968,18
664,ndxe196712.html,ndxe196712,12/1967,4
665,ndxe196711.html,ndxe196711,11/1967,12
666,ndxe196710.html,ndxe196710,10/1967,22
667,ndxe196709.html,ndxe196709,09/1967,27
668,ndxe196708.html,ndxe196708,08/1967,46
669,ndxe196707.html,ndxe196707,07/1967,22
670,ndxe196706.html,ndxe196706,06/1967,82
671,ndxe196705.html,ndxe196705,05/1967,12
672,ndxe196704.html,ndxe196704,04/1967,19
673,ndxe196703.html,ndxe196703,03/1967,7
674,ndxe196702.html,ndxe196702,02/1967,6
675,ndxe196701.html,ndxe196701,01/1967,6
676,ndxe196612.html,ndxe196612,12/1966,7
677,ndxe196611.html,ndxe196611,11/1966,17
678,ndxe196610.html,ndxe196610,10/1966,20
679,ndxe196609.html,ndxe196609,09/1966,23
680,ndxe196608.html,ndxe196608,08/1966,23
681,ndxe196607.html,ndxe196607,07/1966,27
682,ndxe196606.html,ndxe196606,06/1966,87
683,ndxe196605.html,ndxe196605,05/1966,17
684,ndxe196604.html,ndxe196604,04/1966,13
685,ndxe196603.html,ndxe196603,03/1966,19
686,ndxe196602.html,ndxe196602,02/1966,3
687,ndxe196601.html,ndxe196601,01/1966,7
688,ndxe196512.html,ndxe196512,12/1965,17
689,ndxe196511.html,ndxe196511,11/1965,10
690,ndxe196510.html,ndxe196510,10/1965,23
691,ndxe196509.html,ndxe196509,09/1965,11
692,ndxe196508.html,ndxe196508,08/1965,34
693,ndxe196507.html,ndxe196507,07/1965,39
694,ndxe196506.html,ndxe196506,06/1965,70
695,ndxe196505.html,ndxe196505,05/1965,11
696,ndxe196504.html,ndxe196504,04/1965,10
697,ndxe196503.html,ndxe196503,03/1965,2
698,ndxe196502.html,ndxe196502,02/1965,4
699,ndxe196501.html,ndxe196501,01/1965,5
700,ndxe196411.html,ndxe196411,11/1964,5
701,ndxe196410.html,ndxe196410,10/1964,5
702,ndxe196409.html,ndxe196409,09/1964,13
703,ndxe196408.html,ndxe196408,08/1964,20
704,ndxe196407.html,ndxe196407,07/1964,21
705,ndxe196406.html,ndxe196406,06/1964,37
706,ndxe196405.html,ndxe196405,05/1964,9
707,ndxe196404.html,ndxe196404,04/1964,4
708,ndxe196403.html,ndxe196403,03/1964,4
709,ndxe196402.html,ndxe196402,02/1964,1
710,ndxe196401.html,ndxe196401,01/1964,3
711,ndxe196312.html,ndxe196312,12/1963,1
712,ndxe196311.html,ndxe196311,11/1963,3
713,ndxe196310.html,ndxe196310,10/1963,5
714,ndxe196309.html,ndxe196309,09/1963,1
715,ndxe196308.html,ndxe196308,08/1963,11
716,ndxe196307.html,ndxe196307,07/1963,22
717,ndxe196306.html,ndxe196306,06/1963,40
718,ndxe196305.html,ndxe196305,05/1963,10
719,ndxe196304.html,ndxe196304,04/1963,5
720,ndxe196303.html,ndxe196303,03/1963,4
721,ndxe196302.html,ndxe196302,02/1963,2
722,ndxe196301.html,ndxe196301,01/1963,4
723,ndxe196212.html,ndxe196212,12/1962,2
724,ndxe196211.html,ndxe196211,11/1962,5
725,ndxe196210.html,ndxe196210,10/1962,3
726,ndxe196209.html,ndxe196209,09/1962,9
727,ndxe196208.html,ndxe196208,08/1962,11
728,ndxe196207.html,ndxe196207,07/1962,17
729,ndxe196206.html,ndxe196206,06/1962,28
730,ndxe196205.html,ndxe196205,05/1962,5
731,ndxe196204.html,ndxe196204,04/1962,3
732,ndxe196203.html,ndxe196203,03/1962,7
733,ndxe196202.html,ndxe196202,02/1962,2
734,ndxe196201.html,ndxe196201,01/1962,1
735,ndxe196112.html,ndxe196112,12/1961,4
736,ndxe196111.html,ndxe196111,11/1961,2
737,ndxe196110.html,ndxe196110,10/1961,6
738,ndxe196109.html,ndxe196109,09/1961,3
739,ndxe196108.html,ndxe196108,08/1961,9
740,ndxe196107.html,ndxe196107,07/1961,8
741,ndxe196106.html,ndxe196106,06/1961,17
742,ndxe196105.html,ndxe196105,05/1961,6
743,ndxe196104.html,ndxe196104,04/1961,3
744,ndxe196103.html,ndxe196103,03/1961,2
745,ndxe196102.html,ndxe196102,02/1961,2
746,ndxe196101.html,ndxe196101,01/1961,3
747,ndxe196011.html,ndxe196011,11/1960,3
748,ndxe196010.html,ndxe196010,10/1960,4
749,ndxe196009.html,ndxe196009,09/1960,7
750,ndxe196008.html,ndxe196008,08/1960,16
751,ndxe196007.html,ndxe196007,07/1960,15
752,ndxe196006.html,ndxe196006,06/1960,34
753,ndxe196005.html,ndxe196005,05/1960,4
754,ndxe196004.html,ndxe196004,04/1960,3
755,ndxe196003.html,ndxe196003,03/1960,3
756,ndxe196002.html,ndxe196002,02/1960,3
757,ndxe196001.html,ndxe196001,01/1960,1
758,ndxe195912.html,ndxe195912,12/1959,3
759,ndxe195911.html,ndxe195911,11/1959,2
760,ndxe195910.html,ndxe195910,10/1959,9
761,ndxe195909.html,ndxe195909,09/1959,4
762,ndxe195908.html,ndxe195908,08/1959,8
763,ndxe195907.html,ndxe195907,07/1959,12
764,ndxe195906.html,ndxe195906,06/1959,22
765,ndxe195905.html,ndxe195905,05/1959,4
766,ndxe195904.html,ndxe195904,04/1959,3
767,ndxe195903.html,ndxe195903,03/1959,3
768,ndxe195901.html,ndxe195901,01/1959,1
769,ndxe195812.html,ndxe195812,12/1958,2
770,ndxe195811.html,ndxe195811,11/1958,2
771,ndxe195810.html,ndxe195810,10/1958,3
772,ndxe195809.html,ndxe195809,09/1958,7
773,ndxe195808.html,ndxe195808,08/1958,7
774,ndxe195807.html,ndxe195807,07/1958,9
775,ndxe195806.html,ndxe195806,06/1958,25
776,ndxe195805.html,ndxe195805,05/1958,4
777,ndxe195804.html,ndxe195804,04/1958,4
778,ndxe195802.html,ndxe195802,02/1958,1
779,ndxe195801.html,ndxe195801,01/1958,4
780,ndxe195712.html,ndxe195712,12/1957,1
781,ndxe195711.html,ndxe195711,11/1957,3
782,ndxe195710.html,ndxe195710,10/1957,9
783,ndxe195709.html,ndxe195709,09/1957,10
784,ndxe195708.html,ndxe195708,08/1957,15
785,ndxe195707.html,ndxe195707,07/1957,17
786,ndxe195706.html,ndxe195706,06/1957,26
787,ndxe195705.html,ndxe195705,05/1957,3
788,ndxe195704.html,ndxe195704,04/1957,3
789,ndxe195703.html,ndxe195703,03/1957,5
790,ndxe195701.html,ndxe195701,01/1957,1
791,ndxe195612.html,ndxe195612,12/1956,2
792,ndxe195611.html,ndxe195611,11/1956,2
793,ndxe195610.html,ndxe195610,10/1956,4
794,ndxe195609.html,ndxe195609,09/1956,4
795,ndxe195608.html,ndxe195608,08/1956,3
796,ndxe195607.html,ndxe195607,07/1956,8
797,ndxe195606.html,ndxe195606,06/1956,28
798,ndxe195605.html,ndxe195605,05/1956,3
799,ndxe195604.html,ndxe195604,04/1956,1
800,ndxe195603.html,ndxe195603,03/1956,4
801,ndxe195602.html,ndxe195602,02/1956,1
802,ndxe195601.html,ndxe195601,01/1956,2
803,ndxe195510.html,ndxe195510,10/1955,7
804,ndxe195509.html,ndxe195509,09/1955,2
805,ndxe195508.html,ndxe195508,08/1955,6
806,ndxe195507.html,ndxe195507,07/1955,6
807,ndxe195506.html,ndxe195506,06/1955,22
808,ndxe195505.html,ndxe195505,05/1955,3
809,ndxe195503.html,ndxe195503,03/1955,1
810,ndxe195502.html,ndxe195502,02/1955,2
811,ndxe195501.html,ndxe195501,01/1955,2
812,ndxe195412.html,ndxe195412,12/1954,2
813,ndxe195411.html,ndxe195411,11/1954,3
814,ndxe195410.html,ndxe195410,10/1954,3
815,ndxe195409.html,ndxe195409,09/1954,3
816,ndxe195408.html,ndxe195408,08/1954,8
817,ndxe195407.html,ndxe195407,07/1954,12
818,ndxe195406.html,ndxe195406,06/1954,27
819,ndxe195405.html,ndxe195405,05/1954,2
820,ndxe195404.html,ndxe195404,04/1954,1
821,ndxe195402.html,ndxe195402,02/1954,3
822,ndxe195401.html,ndxe195401,01/1954,4
823,ndxe195311.html,ndxe195311,11/1953,4
824,ndxe195310.html,ndxe195310,10/1953,2
825,ndxe195309.html,ndxe195309,09/1953,2
826,ndxe195308.html,ndxe195308,08/1953,7
827,ndxe195307.html,ndxe195307,07/1953,8
828,ndxe195306.html,ndxe195306,06/1953,12
829,ndxe195305.html,ndxe195305,05/1953,2
830,ndxe195304.html,ndxe195304,04/1953,6
831,ndxe195303.html,ndxe195303,03/1953,1
832,ndxe195301.html,ndxe195301,01/1953,2
833,ndxe195212.html,ndxe195212,12/1952,3
834,ndxe195210.html,ndxe195210,10/1952,5
835,ndxe195209.html,ndxe195209,09/1952,3
836,ndxe195208.html,ndxe195208,08/1952,5
837,ndxe195207.html,ndxe195207,07/1952,17
838,ndxe195206.html,ndxe195206,06/1952,27
839,ndxe195205.html,ndxe195205,05/1952,2
840,ndxe195204.html,ndxe195204,04/1952,2
841,ndxe195202.html,ndxe195202,02/1952,2
842,ndxe195201.html,ndxe195201,01/1952,1
843,ndxe195112.html,ndxe195112,12/1951,1
844,ndxe195111.html,ndxe195111,11/1951,1
845,ndxe195110.html,ndxe195110,10/1951,1
846,ndxe195108.html,ndxe195108,08/1951,3
847,ndxe195107.html,ndxe195107,07/1951,8
848,ndxe195106.html,ndxe195106,06/1951,9
849,ndxe195105.html,ndxe195105,05/1951,1
850,ndxe195104.html,ndxe195104,04/1951,1
851,ndxe195103.html,ndxe195103,03/1951,1
852,ndxe195102.html,ndxe195102,02/1951,3
853,ndxe195101.html,ndxe195101,01/1951,1
854,ndxe195012.html,ndxe195012,12/1950,1
855,ndxe195010.html,ndxe195010,10/1950,2
856,ndxe195009.html,ndxe195009,09/1950,1
857,ndxe195008.html,ndxe195008,08/1950,3
858,ndxe195007.html,ndxe195007,07/1950,8
859,ndxe195006.html,ndxe195006,06/1950,18
860,ndxe195005.html,ndxe195005,05/1950,2
861,ndxe195004.html,ndxe195004,04/1950,3
862,ndxe195003.html,ndxe195003,03/1950,1
863,ndxe195001.html,ndxe195001,01/1950,2
864,ndxe194912.html,ndxe194912,12/1949,1
865,ndxe194910.html,ndxe194910,10/1949,3
866,ndxe194909.html,ndxe194909,09/1949,2
867,ndxe194908.html,ndxe194908,08/1949,5
868,ndxe194907.html,ndxe194907,07/1949,3
869,ndxe194906.html,ndxe194906,06/1949,6
870,ndxe194905.html,ndxe194905,05/1949,2
871,ndxe194904.html,ndxe194904,04/1949,1
872,ndxe194812.html,ndxe194812,12/1948,1
873,ndxe194811.html,ndxe194811,11/1948,1
874,ndxe194808.html,ndxe194808,08/1948,2
875,ndxe194807.html,ndxe194807,07/1948,1
876,ndxe194806.html,ndxe194806,06/1948,7
877,ndxe194805.html,ndxe194805,05/1948,1
878,ndxe194804.html,ndxe194804,04/1948,1
879,ndxe194712.html,ndxe194712,12/1947,1
880,ndxe194710.html,ndxe194710,10/1947,3
881,ndxe194708.html,ndxe194708,08/1947,5
882,ndxe194707.html,ndxe194707,07/1947,22
883,ndxe194706.html,ndxe194706,06/1947,14
884,ndxe194704.html,ndxe194704,04/1947,2
885,ndxe194702.html,ndxe194702,02/1947,1
886,ndxe194701.html,ndxe194701,01/1947,3
887,ndxe194612.html,ndxe194612,12/1946,1
888,ndxe194609.html,ndxe194609,09/1946,2
889,ndxe194607.html,ndxe194607,07/1946,2
890,ndxe194606.html,ndxe194606,06/1946,4
891,ndxe194605.html,ndxe194605,05/1946,1
892,ndxe194603.html,ndxe194603,03/1946,1
893,ndxe194602.html,ndxe194602,02/1946,1
894,ndxe194601.html,ndxe194601,01/1946,1
895,ndxe194512.html,ndxe194512,12/1945,1
896,ndxe194508.html,ndxe194508,08/1945,2
897,ndxe194507.html,ndxe194507,07/1945,2
898,ndxe194506.html,ndxe194506,06/1945,7
899,ndxe194505.html,ndxe194505,05/1945,1
900,ndxe194504.html,ndxe194504,04/1945,1
901,ndxe194501.html,ndxe194501,01/1945,1
902,ndxe194409.html,ndxe194409,09/1944,1
903,ndxe194408.html,ndxe194408,08/1944,1
904,ndxe194407.html,ndxe194407,07/1944,2
905,ndxe194406.html,ndxe194406,06/1944,4
906,ndxe194404.html,ndxe194404,04/1944,2
907,ndxe194403.html,ndxe194403,03/1944,1
908,ndxe194401.html,ndxe194401,01/1944,3
909,ndxe194310.html,ndxe194310,10/1943,1
910,ndxe194309.html,ndxe194309,09/1943,1
911,ndxe194308.html,ndxe194308,08/1943,3
912,ndxe194306.html,ndxe194306,06/1943,3
913,ndxe194304.html,ndxe194304,04/1943,1
914,ndxe194301.html,ndxe194301,01/1943,1
915,ndxe194211.html,ndxe194211,11/1942,1
916,ndxe194207.html,ndxe194207,07/1942,1
917,ndxe194206.html,ndxe194206,06/1942,1
918,ndxe194202.html,ndxe194202,02/1942,4
919,ndxe194107.html,ndxe194107,07/1941,2
920,ndxe194106.html,ndxe194106,06/1941,2
921,ndxe194008.html,ndxe194008,08/1940,1
922,ndxe194006.html,ndxe194006,06/1940,1
923,ndxe193907.html,ndxe193907,07/1939,1
924,ndxe193906.html,ndxe193906,06/1939,2
925,ndxe193806.html,ndxe193806,06/1938,1
926,ndxe193708.html,ndxe193708,08/1937,1
927,ndxe193706.html,ndxe193706,06/1937,2
928,ndxe193610.html,ndxe193610,10/1936,1
929,ndxe193609.html,ndxe193609,09/1936,1
930,ndxe193607.html,ndxe193607,07/1936,1
931,ndxe193506.html,ndxe193506,06/1935,1
932,ndxe193409.html,ndxe193409,09/1934,1
933,ndxe193304.html,ndxe193304,04/1933,1
934,ndxe193210.html,ndxe193210,10/1932,1
935,ndxe193202.html,ndxe193202,02/1932,1
936,ndxe193106.html,ndxe193106,06/1931,1
937,ndxe193102.html,ndxe193102,02/1931,1
938,ndxe193008.html,ndxe193008,08/1930,1
939,ndxe193006.html,ndxe193006,06/1930,4
940,ndxe192907.html,ndxe192907,07/1929,1
941,ndxe192901.html,ndxe192901,01/1929,1
942,ndxe192807.html,ndxe192807,07/1928,1
943,ndxe192512.html,ndxe192512,12/1925,1
944,ndxe192212.html,ndxe192212,12/1922,1
945,ndxe192008.html,ndxe192008,08/1920,1
946,ndxe192006.html,ndxe192006,06/1920,2
947,ndxe191806.html,ndxe191806,06/1918,1
948,ndxe191710.html,ndxe191710,10/1917,2
949,ndxe191604.html,ndxe191604,04/1916,1
950,ndxe191412.html,ndxe191412,12/1914,1
951,ndxe191409.html,ndxe191409,09/1914,1
952,ndxe191006.html,ndxe191006,06/1910,1
953,ndxe191005.html,ndxe191005,05/1910,1
954,ndxe191001.html,ndxe191001,01/1910,1
955,ndxe190706.html,ndxe190706,06/1907,1
956,ndxe190611.html,ndxe190611,11/1906,1
957,ndxe190507.html,ndxe190507,07/1905,2
958,ndxe189906.html,ndxe189906,06/1899,1
959,ndxe189806.html,ndxe189806,06/1898,1
960,ndxe189704.html,ndxe189704,04/1897,2
961,ndxe189606.html,ndxe189606,06/1896,1
962,ndxe188610.html,ndxe188610,10/1886,1
963,ndxe188012.html,ndxe188012,12/1880,1
964,ndxe187106.html,ndxe187106,06/1871,1
965,ndxe186506.html,ndxe186506,06/1865,1
966,ndxe186405.html,ndxe186405,05/1864,2
967,ndxe186103.html,ndxe186103,03/1861,1
968,ndxe186008.html,ndxe186008,08/1860,1
969,ndxe180004.html,ndxe180004,04/1800,1
970,ndxe179006.html,ndxe179006,06/1790,1
971,ndxe176212.html,ndxe176212,12/1762,1
972,ndxe172102.html,ndxe172102,02/1721,1
973,ndxe163909.html,ndxe163909,09/1639,1
974,ndxe156104.html,ndxe156104,04/1561,2
975,ndxe140006.html,ndxe140006,06/1400,1
976,ndxe.html,ndxe,UNSPECIFIED / APPROXIMATE,376
